id,name,email,gender,status
3623,Goswami Arora,arora_goswami@pollich.co,female,active
3620,Chaitan Chaturvedi,chaitan_chaturvedi@keeling.io,male,active
3618,Sarvin Saini,sarvin_saini@dietrich.net,male,active
3617,Rev. Atreyee Sethi,rev_atreyee_sethi@mraz-trantow.co,male,active
3616,Shanti Prajapat,prajapat_shanti@braun.com,male,inactive
3615,Chiranjeeve Varrier,varrier_chiranjeeve@hammes.org,female,inactive
3614,Ranjeet Singh,singh_ranjeet@gleichner-ankunding.name,male,active
3613,Chandravati Desai,chandravati_desai@gulgowski.com,male,inactive
3612,Rep. Udai Varman,rep_udai_varman@mohr-kerluke.info,male,inactive
3611,Tanushree Agarwal,agarwal_tanushree@ernser-krajcik.biz,female,inactive
